"[[""title"", ""upvotes"", ""category""]]"
Retail be like,6744,funny
"TIL In the month before the ancient Olympics no wars were permitted so that spectators could travel from across Greece unharmed,",6652,todayilearned
Sudoku book cover is of someone making a mistake,5702,mildlyinteresting
"I am Jill Stein, Green Party candidate for President, AMA!",3846,IAmA
Are... are you a human ?,5537,aww
"Following the 9/11 terror attacks, the Danish queen walked Denmark's most busy shopping street alone; no bodyguards, no military officers. It is widely regarded as the only political statement she has ever made, in her 44 years of ruling.",6073,pics
Sweden's response to the Finnish hydraulic press channel.,3867,videos
Power Wheels Jeep Restoration for my Three Year Old Son.,2910,DIY
"In Ant-Man, The Wasp appears to Scott Lang for a few quick frames just as he enters the sub-atomic realm. Here are some screen shots.",4782,movies
[Image] That is why I do what I do.,5319,GetMotivated
"Poultry Workers in Diapers as Bathroom Breaks Denied, Oxfam Says - Workers in plants run by the largest U.S. poultry producers are regularly being denied bathroom breaks and as a result some are reduced to wearing diapers while working on the processing line",3007,news
LPT: ðŸŽ¶Like that song playing on Netflix? Turn on closed captioning and it will tell you.ðŸŽ¶,4496,LifeProTips
Boom stick,5075,gifs
"Rio Olympics could spark 'full blown global health disaster', say Harvard scientists",6303,worldnews
NSFW Steam blurs out Lady Liberty in Civilization 6 trailer,3631,gaming
"A drink, a cigar and not giving a good goddamn, 1950s.",2998,OldSchoolCool
"Teachers of Reddit, what is the funniest reason you've had to send someone to the principal's office? NSFW?",2063,AskReddit
"Ball Boy Makes A Valiant Catch, Saves Fan From Getting His Face Bashed In",1195,sports
Death Cab For Cutie - I Will Follow You Into The Dark [Indie Pop],2591,Music
Palouse Falls vs Milky Way [OC][750 x 1125],5078,EarthPorn
How do we take pictures of our galaxy if we are in our galaxy?,3166,askscience
[US] Find out how much you have earned in your lifetime by logging in to your Social Security Account.,1630,personalfinance
George RR Martin publishes new chapter from The Winds of Winter,4021,books
Mapping the Thousand Most Ticketed but LEGAL parking spots in NYC [OC],4556,dataisbeautiful
"As a straight male, I sincerely hope that every man who is better looking than me is gay.",4000,Showerthoughts
